Workbook

Sheet Petunjuk
A1: TRACKER MARKETING – MD HENY FITRIANI
A2: ⚠ DATA DUMMY untuk contoh. Hapus & ganti dengan data asli sebelum dipakai.
A4: Tanur Muthmainnah Tour • Easy Umrah & Easy Hajj
A6: Sheet:
A7: 1. Anggota – tracker per BM/BC/ES: status, target vs realisasi, aktivitas, kendala, solusi, PJ, deadline.
A8: 2. Referral – proyeksi vs realisasi jaringan BM/BC (TERPISAH dari Direct Selling).
A9: 3. Bulanan – target per bulan sampai Syawal; total otomatis = DS + Referral (anti hitung ganda).
A10: 4. Harian – laporan harian ES/BC/BM (diisi tiap hari), rekap mingguan otomatis di sheet Mingguan.
A11: 5. Mingguan – rekap otomatis per anggota dari sheet Harian (rumus).
A12: 6. Rekap – ringkasan otomatis jumlah anggota per status (rumus, jangan diubah).
A14: Aturan:
A15: • Isi hanya sel berlatar krem. Kolom abu/rumus otomatis.
... A19: • Kolom 'Evaluasi Ulang' wajib diisi untuk anggota belum capai / tidak aktif.

Sheet Anggota
A1: TRACKER PER ANGGOTA (BM • BC • ES)
A2: ⚠ DATA DUMMY
A4: No | B4: Nama | C4: Jabatan | D4: Atasan | E4: Status | F4: Target DS (jamaah) | G4: Realisasi DS | H4: % Capai | I4: Prospek Baru | J4: Calling | K4: Follow-up | L4: Presentasi | M4: Closing | N4: Lapor Tepat Waktu | O4: Kendala | P4: Solusi / Coaching | Q4: PJ | R4: Evaluasi Ulang
A5: 1 | B5: Rahmat Hidayat | C5: BM | D5: MD Heny | E5: Aktif - Capai Target | F5: 8 | G5: 9 | H5: =IF(F5=0,0,G5/F5) | I5: 30 | J5: 90 | K5: 60 | L5: 70 | M5: 12 | N5: Ya | P5: Pertahankan; bantu closing BC | Q5: MD Heny | R5: -
A6: 2 | B6: Siti Aminah | C6: BC | D6: Rahmat Hidayat | E6: Aktif - Belum Capai | F6: 5 | G6: 3 | H6: =IF(F6=0,0,G6/F6) | I6: 22 | J6: 66 | K6: 45 | L6: 48 | M6: 7 | N6: Ya | O6: Prospek banyak, closing lambat | P6: Pendampingan presentasi 2x/minggu | Q6: Rahmat Hidayat | R6: 30/10/2026
A7: 3 | B7: Yusuf Maulana | C7: BC | D7: Rahmat Hidayat | E7: Aktif - Capai Target | F7: 5 | G7: 6 | H7: =IF(F7=0,0,G7/F7) | I7: 25 | J7: 75 | K7: 50 | L7: 55 | M7: 9 | N7: Ya | P7: Lanjutkan | Q7: Rahmat Hidayat | R7: -
A8: 4 | B8: Dewi Lestari | C8: ES | D8: Siti Aminah | E8: Aktif - Belum Capai | F8: 3 | G8: 1 | H8: =IF(F8=0,0,G8/F8) | I8: 15 | J8: 45 | K8: 30 | L8: 25 | M8: 3 | N8: Tidak | O8: Objeksi harga & kurs SAR | P8: Skrip jawab objeksi + paket cicilan | Q8: Siti Aminah | R8: 28/10/2026
A9: 5 | B9: Fajar Nugroho | C9: ES | D9: Siti Aminah | E9: Aktif - Belum Capai | F9: 3 | G9: 0 | H9: =IF(F9=0,0,G9/F9) | I9: 6 | J9: 18 | K9: 10 | L9: 8 | M9: 0 | N9: Tidak | O9: Waktu terbatas (kerja kantor) | P9: Target aktivitas ringan 3 bln | Q9: Siti Aminah | R9: 04/11/2026
A10: 6 | B10: Nur Aisyah | C10: ES | D10: Siti Aminah | E10: Aktif - Capai Target | F10: 3 | G10: 3 | H10: =IF(F10=0,0,G10/F10) | I10: 20 | J10: 60 | K10: 35 | L10: 30 | M10: 5 | N10: Ya | P10: Lanjutkan | Q10: Siti Aminah | R10: -
A11: 7 | B11: Bima Prakoso | C11: ES | D11: Yusuf Maulana | E11: Aktif - Capai Target | F11: 3 | G11: 4 | H11: =IF(F11=0,0,G11/F11) | I11: 18 | J11: 54 | K11: 32 | L11: 28 | M11: 6 | N11: Ya | P11: Lanjutkan | Q11: Yusuf Maulana | R11: -
A12: 8 | B12: Ratna Sari | C12: ES | D12: Yusuf Maulana | E12: Tidak Aktif | F12: 3 | G12: 0 | H12: =IF(F12=0,0,G12/F12) | I12: 0 | J12: 0 | K12: 0 | L12: 0 | M12: 0 | N12: Tidak | O12: Tidak respon 3 minggu | P12: Telepon langsung + tawarkan aktivasi | Q12: Yusuf Maulana | R12: 25/10/2026
A13: 9 | B13: Imam Syafii | C13: ES | D13: Yusuf Maulana | E13: Aktif - Belum Capai | F13: 3 | G13: 1 | H13: =IF(F13=0,0,G13/F13) | I13: 12 | J13: 36 | K13: 20 | L13: 18 | M13: 2 | N13: Tidak | O13: Database prospek sedikit | P13: Training mencari prospek & referral | Q13: Yusuf Maulana | R13: 01/11/2026
A14: 10 | B14: Lina Marlina | C14: BC | D14: Rahmat Hidayat | E14: Aktif - Belum Capai | F14: 5 | G14: 2 | H14: =IF(F14=0,0,G14/F14) | I14: 14 | J14: 42 | K14: 28 | L14: 22 | M14: 4 | N14: Tidak | O14: Fokus tim, penjualan pribadi turun | P14: Jadwal blok jualan pribadi | Q14: Rahmat Hidayat | R14: 30/10/2026
A15: 11 | B15: Hasan Basri | C15: ES | D15: Lina Marlina | E15: Aktivasi Ulang | F15: 3 | G15: 0 | H15: =IF(F15=0,0,G15/F15) | I15: 2 | J15: 6 | K15: 4 | L15: 3 | M15: 0 | N15: Tidak | O15: Finansial/motivasi | P15: Komunikasi pribadi, evaluasi komitmen | Q15: Lina Marlina | R15: 27/10/2026
A16: 12 | B16: Wulan Ningsih | C16: ES | D16: Lina Marlina | E16: Aktif - Belum Capai | F16: 3 | G16: 2 | H16: =IF(F16=0,0,G16/F16) | I16: 10 | J16: 30 | K16: 22 | L16: 18 | M16: 3 | N16: Ya | O16: Konsistensi laporan | P16: Reminder harian pukul 19.00 | Q16: Lina Marlina | R16: 02/11/2026

Sheet Referral
A1: REFERRAL PROJECTION (BM & BC) – terpisah dari Direct Selling
A2: ⚠ DATA DUMMY
A4: No | B4: PIC | C4: Jabatan | D4: Jaringan Referral Aktif | E4: Target Referral Baru | F4: Prospek dari Jaringan | G4: Konversi Realistis | H4: Proyeksi Jamaah | I4: Realisasi Referral | J4: Selisih | K4: Rencana Aktivasi / Pendampingan
A5: 1 | B5: Rahmat Hidayat | C5: BM | D5: 14 | E5: 4 | F5: 60 | G5: 0.1 | H5: =ROUND(F5*G5,0) | I5: 5 | J5: =I5-H5 | K5: Gathering alumni umroh + ustadz mitra
A6: 2 | B6: Siti Aminah | C6: BC | D6: 8 | E6: 3 | F6: 35 | G6: 0.1 | H6: =ROUND(F6*G6,0) | I6: 2 | J6: =I6-H6 | K6: Aktivasi 3 majelis taklim
A7: 3 | B7: Yusuf Maulana | C7: BC | D7: 10 | E7: 3 | F7: 42 | G7: 0.1 | H7: =ROUND(F7*G7,0) | I7: 4 | J7: =I7-H7 | K7: Syiar akbar komunitas
A8: 4 | B8: Lina Marlina | C8: BC | D8: 5 | E8: 2 | F8: 18 | G8: 0.08 | H8: =ROUND(F8*G8,0) | I8: 1 | J8: =I8-H8 | K8: Pendampingan 2 referral aktif
B9: TOTAL | D9: =SUM(D5:D8) | E9: =SUM(E5:E8) | F9: =SUM(F5:F8) | H9: =SUM(H5:H8) | I9: =SUM(I5:I8) | J9: =SUM(J5:J8)

Sheet Harian
A1: LAPORAN HARIAN (ES → BC → BM)
A2: ⚠ DATA DUMMY • isi tiap hari, 1 baris per anggota per hari
A4: Tanggal | B4: Nama | C4: Jabatan | D4: Target Prospek | E4: Prospek Baru | F4: Target FU | G4: Follow-up | H4: Calling | I4: Presentasi | J4: Closing | K4: Potensi Closing Dekat | L4: Digital Marketing (post/konten) | M4: Kendala | N4: Rencana Besok | O4: Lapor ke Atasan (jam)
A5: 46314 | B5: Nur Aisyah | C5: ES | D5: 3 | E5: 3 | F5: 8 | G5: 5 | H5: 14 | I5: 0 | J5: 0 | K5: 2 | L5: 1 | M5: Prospek belum angkat telp | N5: FU prospek panas & presentasi | O5: 19.30
A6: 46314 | B6: Bima Prakoso | C6: ES | D6: 3 | E6: 2 | F6: 8 | G6: 4 | H6: 9 | I6: 3 | J6: 1 | K6: 0 | L6: 1 | M6: Prospek belum angkat telp | N6: FU prospek panas & presentasi | O6: 20.00
A7: 46314 | B7: Dewi Lestari | C7: ES | D7: 3 | E7: 1 | F7: 8 | G7: 8 | H7: 9 | I7: 1 | J7: 0 | K7: 2 | L7: 3 | M7: Prospek belum angkat telp | N7: FU prospek panas & presentasi | O7: 19.30
A8: 46314 | B8: Siti Aminah | C8: BC | D8: 3 | E8: 1 | F8: 8 | G8: 8 | H8: 10 | I8: 2 | J8: 1 | K8: 0 | L8: 3 | M8: Prospek belum angkat telp | N8: FU prospek panas & presentasi | O8: 20.00
A9: 46315 | B9: Nur Aisyah | C9: ES | D9: 3 | E9: 2 | F9: 8 | G9: 4 | H9: 11 | I9: 2 | J9: 0 | K9: 2 | L9: 3 | M9: Prospek belum angkat telp | N9: FU prospek panas & presentasi | O9: 19.30
A10: 46315 | B10: Bima Prakoso | C10: ES | D10: 3 | E10: 2 | F10: 8 | G10: 7 | H10: 14 | I10: 2 | J10: 1 | K10: 2 | L10: 2 | M10: Prospek belum angkat telp | N10: FU prospek panas & presentasi | O10: 19.30
A11: 46315 | B11: Dewi Lestari | C11: ES | D11: 3 | E11: 2 | F11: 8 | G11: 9 | H11: 11 | I11: 0 | J11: 1 | K11: 2 | L11: 2 | N11: FU prospek panas & presentasi | O11: 20.00
A12: 46315 | B12: Siti Aminah | C12: BC | D12: 3 | E12: 3 | F12: 8 | G12: 8 | H12: 9 | I12: 0 | J12: 1 | K12: 0 | L12: 2 | M12: Prospek belum angkat telp | N12: FU prospek panas & presentasi | O12: 20.00
A13: 46316 | B13: Nur Aisyah | C13: ES | D13: 3 | E13: 4 | F13: 8 | G13: 4 | H13: 9 | I13: 2 | J13: 1 | K13: 2 | L13: 2 | N13: FU prospek panas & presentasi | O13: 20.00
A14: 46316 | B14: Bima Prakoso | C14: ES | D14: 3 | E14: 1 | F14: 8 | G14: 4 | H14: 12 | I14: 3 | J14: 0 | K14: 0 | L14: 3 | N14: FU prospek panas & presentasi | O14: 20.00
A15: 46316 | B15: Dewi Lestari | C15: ES | D15: 3 | E15: 3 | F15: 8 | G15: 9 | H15: 14 | I15: 2 | J15: 0 | K15: 1 | L15: 2 | M15: Prospek belum angkat telp | N15: FU prospek panas & presentasi | O15: 19.30
A16: 46316 | B16: Siti Aminah | C16: BC | D16: 3 | E16: 4 | F16: 8 | G16: 4 | H16: 11 | I16: 2 | J16: 0 | K16: 2 | L16: 1 | M16: Prospek belum angkat telp | N16: FU prospek panas & presentasi | O16: 20.00

Sheet Mingguan
A1: REKAP MINGGUAN OTOMATIS
A2: ⚠ DATA DUMMY • isi tanggal awal & akhir minggu (sel B3, D3)
A3: Mulai | B3: 46314 | C3: Akhir | D3: 46320
A4: Nama | B4: Jabatan | C4: Prospek Baru | D4: Follow-up | E4: Calling | F4: Presentasi | G4: Closing | H4: Hari Lapor | I4: Konversi (Closing/Presentasi)
A5: Nur Aisyah | B5: ES | C5: =SUMIFS(Harian!$E$5:$E$1000,Harian!$B$5:$B$1000,$A5,Harian!$A$5:$A$1000,">="&$B$3,Harian!$A$5:$A$1000,"<="&$D$3) | D5: =SUMIFS(Harian!$G$5:$G$1000,Harian!$B$5:$B$1000,$A5,Harian!$A$5:$A$1000,">="&$B$3,Harian!$A$5:$A$1000,"<="&$D$3) | E5: =SUMIFS(Harian!$H$5:$H$1000,Harian!$B$5:$B$1000,$A5,Harian!$A$5:$A$1000,">="&$B$3,Harian!$A$5:$A$1000,"<="&$D$3) | F5: =SUMIFS(Harian!$I$5:$I$1000,Harian!$B$5:$B$1000,$A5,Harian!$A$5:$A$1000,">="&$B$3,Harian!$A$5:$A$1000,"<="&$D$3) | G5: =SUMIFS(Harian!$J$5:$J$1000,Harian!$B$5:$B$1000,$A5,Harian!$A$5:$A$1000,">="&$B$3,Harian!$A$5:$A$1000,"<="&$D$3) | H5: =COUNTIFS(Harian!$B$5:$B$1000,$A5,Harian!$A$5:$A$1000,">="&$B$3,Harian!$A$5:$A$1000,"<="&$D$3) | I5: =IF(F5=0,0,G5/F5)
A6: Bima Prakoso | B6: ES | C6: =SUMIFS(Harian!$E$5:$E$1000,Harian!$B$5:$B$1000,$A6,Harian!$A$5:$A$1000,">="&$B$3,Harian!$A$5:$A$1000,"<="&$D$3) | D6: =SUMIFS(Harian!$G$5:$G$1000,Harian!$B$5:$B$1000,$A6,Harian!$A$5:$A$1000,">="&$B$3,Harian!$A$5:$A$1000,"<="&$D$3) | E6: =SUMIFS(Harian!$H$5:$H$1000,Harian!$B$5:$B$1000,$A6,Harian!$A$5:$A$1000,">="&$B$3,Harian!$A$5:$A$1000,"<="&$D$3) | F6: =SUMIFS(Harian!$I$5:$I$1000,Harian!$B$5:$B$1000,$A6,Harian!$A$5:$A$1000,">="&$B$3,Harian!$A$5:$A$1000,"<="&$D$3) | G6: =SUMIFS(Harian!$J$5:$J$1000,Harian!$B$5:$B$1000,$A6,Harian!$A$5:$A$1000,">="&$B$3,Harian!$A$5:$A$1000,"<="&$D$3) | H6: =COUNTIFS(Harian!$B$5:$B$1000,$A6,Harian!$A$5:$A$1000,">="&$B$3,Harian!$A$5:$A$1000,"<="&$D$3) | I6: =IF(F6=0,0,G6/F6)
A7: Dewi Lestari | B7: ES | C7: =SUMIFS(Harian!$E$5:$E$1000,Harian!$B$5:$B$1000,$A7,Harian!$A$5:$A$1000,">="&$B$3,Harian!$A$5:$A$1000,"<="&$D$3) | D7: =SUMIFS(Harian!$G$5:$G$1000,Harian!$B$5:$B$1000,$A7,Harian!$A$5:$A$1000,">="&$B$3,Harian!$A$5:$A$1000,"<="&$D$3) | E7: =SUMIFS(Harian!$H$5:$H$1000,Harian!$B$5:$B$1000,$A7,Harian!$A$5:$A$1000,">="&$B$3,Harian!$A$5:$A$1000,"<="&$D$3) | F7: =SUMIFS(Harian!$I$5:$I$1000,Harian!$B$5:$B$1000,$A7,Harian!$A$5:$A$1000,">="&$B$3,Harian!$A$5:$A$1000,"<="&$D$3) | G7: =SUMIFS(Harian!$J$5:$J$1000,Harian!$B$5:$B$1000,$A7,Harian!$A$5:$A$1000,">="&$B$3,Harian!$A$5:$A$1000,"<="&$D$3) | H7: =COUNTIFS(Harian!$B$5:$B$1000,$A7,Harian!$A$5:$A$1000,">="&$B$3,Harian!$A$5:$A$1000,"<="&$D$3) | I7: =IF(F7=0,0,G7/F7)
A8: Siti Aminah | B8: BC | C8: =SUMIFS(Harian!$E$5:$E$1000,Harian!$B$5:$B$1000,$A8,Harian!$A$5:$A$1000,">="&$B$3,Harian!$A$5:$A$1000,"<="&$D$3) | D8: =SUMIFS(Harian!$G$5:$G$1000,Harian!$B$5:$B$1000,$A8,Harian!$A$5:$A$1000,">="&$B$3,Harian!$A$5:$A$1000,"<="&$D$3) | E8: =SUMIFS(Harian!$H$5:$H$1000,Harian!$B$5:$B$1000,$A8,Harian!$A$5:$A$1000,">="&$B$3,Harian!$A$5:$A$1000,"<="&$D$3) | F8: =SUMIFS(Harian!$I$5:$I$1000,Harian!$B$5:$B$1000,$A8,Harian!$A$5:$A$1000,">="&$B$3,Harian!$A$5:$A$1000,"<="&$D$3) | G8: =SUMIFS(Harian!$J$5:$J$1000,Harian!$B$5:$B$1000,$A8,Harian!$A$5:$A$1000,">="&$B$3,Harian!$A$5:$A$1000,"<="&$D$3) | H8: =COUNTIFS(Harian!$B$5:$B$1000,$A8,Harian!$A$5:$A$1000,">="&$B$3,Harian!$A$5:$A$1000,"<="&$D$3) | I8: =IF(F8=0,0,G8/F8)
A9: (tambah baris & salin rumus untuk anggota lain)

Sheet Bulanan
A1: TARGET vs REALISASI BULANAN SAMPAI SYAWAL
A2: ⚠ DATA DUMMY
A4: Bulan | B4: Produk | C4: Target DS | D4: Realisasi DS | E4: Target Referral | F4: Realisasi Referral | G4: Total Target | H4: Total Realisasi | I4: Selisih | J4: % Capai | K4: Strategi Tutup Kekurangan
A5: Okt 2026 | B5: Easy Umrah | C5: 30 | D5: 24 | E5: 15 | F5: 10 | G5: =C5+E5 | H5: =D5+F5 | I5: =H5-G5 | J5: =IF(G5=0,0,H5/G5) | K5: Gathering + FU prospek panas
A6: Nov 2026 | B6: Easy Umrah | C6: 35 | D6: 0 | E6: 18 | F6: 0 | G6: =C6+E6 | H6: =D6+F6 | I6: =H6-G6 | J6: =IF(G6=0,0,H6/G6) | K6: Syiar akbar & promo early bird
A7: Des 2026 | B7: Easy Umrah | C7: 40 | D7: 0 | E7: 20 | F7: 0 | G7: =C7+E7 | H7: =D7+F7 | I7: =H7-G7 | J7: =IF(G7=0,0,H7/G7) | K7: Paket libur akhir tahun
A8: Jan 2027 | B8: Easy Umrah | C8: 40 | D8: 0 | E8: 20 | F8: 0 | G8: =C8+E8 | H8: =D8+F8 | I8: =H8-G8 | J8: =IF(G8=0,0,H8/G8)
A9: Feb 2027 | B9: Easy Hajj | C9: 25 | D9: 0 | E9: 12 | F9: 0 | G9: =C9+E9 | H9: =D9+F9 | I9: =H9-G9 | J9: =IF(G9=0,0,H9/G9) | K9: Sosialisasi Easy Hajj
A10: Mar 2027 (Syawal) | B10: Easy Umrah | C10: 30 | D10: 0 | E10: 15 | F10: 0 | G10: =C10+E10 | H10: =D10+F10 | I10: =H10-G10 | J10: =IF(G10=0,0,H10/G10) | K10: Penutupan periode
A11: TOTAL | C11: =SUM(C5:C10) | D11: =SUM(D5:D10) | E11: =SUM(E5:E10) | F11: =SUM(F5:F10) | G11: =SUM(G5:G10) | H11: =SUM(H5:H10) | I11: =SUM(I5:I10) | J11: =IF(G11=0,0,H11/G11)
A13: Catatan: Total = DS + Referral. Pastikan 1 transaksi tidak dimasukkan di kedua kolom.

Sheet Rekap
A1: REKAP OTOMATIS
A2: ⚠ DATA DUMMY • rumus membaca sheet Anggota
A4: Status | B4: BM | C4: BC | D4: ES | E4: Total
A5: Aktif - Capai Target | B5: =COUNTIFS(Anggota!$E$5:$E$204,$A5,Anggota!$C$5:$C$204,"BM") | C5: =COUNTIFS(Anggota!$E$5:$E$204,$A5,Anggota!$C$5:$C$204,"BC") | D5: =COUNTIFS(Anggota!$E$5:$E$204,$A5,Anggota!$C$5:$C$204,"ES") | E5: =SUM(B5:D5)
A6: Aktif - Belum Capai | B6: =COUNTIFS(Anggota!$E$5:$E$204,$A6,Anggota!$C$5:$C$204,"BM") | C6: =COUNTIFS(Anggota!$E$5:$E$204,$A6,Anggota!$C$5:$C$204,"BC") | D6: =COUNTIFS(Anggota!$E$5:$E$204,$A6,Anggota!$C$5:$C$204,"ES") | E6: =SUM(B6:D6)
A7: Tidak Aktif | B7: =COUNTIFS(Anggota!$E$5:$E$204,$A7,Anggota!$C$5:$C$204,"BM") | C7: =COUNTIFS(Anggota!$E$5:$E$204,$A7,Anggota!$C$5:$C$204,"BC") | D7: =COUNTIFS(Anggota!$E$5:$E$204,$A7,Anggota!$C$5:$C$204,"ES") | E7: =SUM(B7:D7)
A8: Aktivasi Ulang | B8: =COUNTIFS(Anggota!$E$5:$E$204,$A8,Anggota!$C$5:$C$204,"BM") | C8: =COUNTIFS(Anggota!$E$5:$E$204,$A8,Anggota!$C$5:$C$204,"BC") | D8: =COUNTIFS(Anggota!$E$5:$E$204,$A8,Anggota!$C$5:$C$204,"ES") | E8: =SUM(B8:D8)
A9: TOTAL | B9: =SUM(B5:B8) | C9: =SUM(C5:C8) | D9: =SUM(D5:D8) | E9: =SUM(E5:E8)
A11: Target DS (jamaah) | B11: =SUM(Anggota!F5:F204)
A12: Realisasi DS (jamaah) | B12: =SUM(Anggota!G5:G204)
A13: % Capai DS | B13: =IF(B11=0,0,B12/B11)
A14: Proyeksi Referral | B14: =Referral!H9
A15: Realisasi Referral | B15: =Referral!I9
